
[
    {
        "title": "Purchased Goods and Services",
        "details": [
            {
                "title": "Supplier-specific method",
                "inputdata": [200000,0.15,600000,0.10,200000,0.10,100000,0.25,50000,0.20],
                "formula": "(0*1)+(2*3)+(4*5)+(6*7)+(8*9)"
            },
            {
                "title": "Hybrid method",
                "inputdata": [5000,0.5,2500,0.2,5000,7.0,2500,5.0,500,2.0,500,1.5,1000,0.01,2500,0.02,800,0.05,200,0.10,100,0.5],
                "formula": "(0*1)+(2*3)+(4*5)+(6*7)+(8*9)+(10*11)+(12*13)+(14*15)+(16*17)+(18*19)+(20*21)"
            }           

        ]
    },
    {
        "title": "Fuel- and Energy-Related Activities Not Included in Scope 1 or Scope 2",
        "details": [
            {
                "title": " Transmission and distribution losses method",
                "inputdata": [500000,"none",0.12, 0.8,0.1,"none",600000, 50000,0.1, 0.4, 0.13, 0.05, 400000, "none",0.15, 0.8, 0.15, "none", 5500000, "none",0.1, 0.5, 0.1, "none", 200000, "none",0.05, 0.4, 0.12, "none" ],
                "formula": "(0*2)+(6*8)+(12*14)+(18*20)+(24*26)+(0*3*4)+(6*9*10)+(12*15*16)+(18*21*22)+(24*27*28)+(1*5)+(7*11)+(13*17)+(19*23)+(25*29)" 
            }
        ]
    }, 
    {
        "title": "Upstream Transportation  and Distribution",
        "details": [
            {
                "title": "Fuel-based method",
                "inputdata": [50000,3, 80000, 3, 90000, 3, 50, 2000],
                "formula": "(0*1)+(2*3)+(4*5)+(6*7)"
            }, 
            {
                "title": "Distance-based method",
                "inputdata": [2, 2000, 0.2, 1, 3000, 1.0, 6, 4000, 0.05],
                "formula": "(0*1*2)+(3*4*5)+(6*7*8)"
            },
            {
                "title": "Spend-based method", 
                "inputdata": [20000, 0.04, 30000, 0.15, 40000, 0.05],
                "formula": "(0*1)+(2*3)+(4*5)"
            }
        ]
    }
]